{
  "id": "2433751",
  "name": "travel",
  "font_family": "iconfont",
  "css_prefix_text": "icon",
  "description": "travel项目图标",
  "glyphs": [
    {
      "icon_id": "2674472",
      "name": "返回",
      "font_class": "fanhui",
      "unicode": "e624",
      "unicode_decimal": 58916
    },
    {
      "icon_id": "2675116",
      "name": "搜索",
      "font_class": "sousuo",
      "unicode": "e632",
      "unicode_decimal": 58930
    },
    {
      "icon_id": "16091884",
      "name": "箭头 下",
      "font_class": "jiantouxia",
      "unicode": "e6ee",
      "unicode_decimal": 59118
    }
  ]
}
